number,value,datetime_start,datetime_complete,duration,params_bagging_fraction,params_bagging_freq,params_feature_fraction,params_learning_rate,params_max_depth,params_min_child_samples,params_min_child_weight,params_min_gain_to_split,params_num_leaves,params_reg_alpha,params_reg_lambda,system_attrs_fixed_params,state
0,0.7429681034643139,2025-07-11 16:32:43.106405,2025-07-11 16:35:24.352278,0 days 00:02:41.245873,0.9,1.0,0.9,0.05,-1.0,200.0,0.001,0.0010253509690168491,31,0.001,0.001,"{'learning_rate': 0.05, 'num_leaves': 31, 'max_depth': -1, 'min_child_samples': 200, 'min_child_weight': 0.001, 'feature_fraction': 0.9, 'bagging_fraction': 0.9, 'bagging_freq': 1, 'reg_alpha': 0.001, 'reg_lambda': 0.001, 'scale_pos_weight': 3.893988825463769}",COMPLETE
1,0.741034522305803,2025-07-11 16:35:24.355236,2025-07-11 16:38:02.102515,0 days 00:02:37.747279,0.7637017332034828,2.0,0.9497327922401265,0.07622471734080181,-1.0,354.0,0.09644921218755018,0.008148293210105292,145,0.0012087541473056963,7.5794799533480015,,COMPLETE
2,0.74359611308084,2025-07-11 16:38:02.103743,2025-07-11 16:41:20.343468,0 days 00:03:18.239725,0.8542703315240835,4.0,0.7599021346475079,0.035912516726440115,11.0,98.0,0.009212515846231667,0.0009745399020374089,58,0.06672367170464209,1.3826232179369866,,COMPLETE
3,0.7436108589285254,2025-07-11 16:41:20.346570,2025-07-11 16:45:13.616511,0 days 00:03:53.269941,0.848553073033381,1.0,0.7366114704534336,0.03139841158822449,11.0,333.0,0.01012836139291749,0.00018349072049055458,111,0.5456725485601478,0.057624872164786005,,COMPLETE
4,0.7425008553258466,2025-07-11 16:45:13.617712,2025-07-11 16:48:07.201429,0 days 00:02:53.583717,0.976562270506935,1.0,0.8793699936433256,0.0731919492782672,-1.0,114.0,1.5871864221639735,0.012361188797337346,53,5.727904470799624,3.795853142670642,,COMPLETE
5,0.7437682648512794,2025-07-11 16:48:07.204596,2025-07-11 16:53:38.300046,0 days 00:05:31.095450,0.9960660809801551,5.0,0.7223651931039312,0.036358321548518174,11.0,175.0,0.008460056107201557,0.002915549705917701,34,0.003661819220392431,1.6172900811143147,,COMPLETE
6,0.7436086724876548,2025-07-11 16:53:38.301258,2025-07-11 16:58:55.665269,0 days 00:05:17.364011,0.7190675050858071,2.0,0.7992694074557948,0.036455908174066666,-1.0,75.0,0.015251273957388446,0.0002054599206680897,31,2.8340904295147755,0.3113095956122124,,COMPLETE
7,0.743051190854306,2025-07-11 16:58:55.668830,2025-07-11 17:02:47.911340,0 days 00:03:52.242510,0.8282623055075649,1.0,0.8568198488145982,0.0412704478947226,7.0,300.0,0.3246192467974539,0.00327242966059094,144,1.2130221181165166,0.09444574254983562,,COMPLETE
8,0.7433934003807657,2025-07-11 17:02:47.912519,2025-07-11 17:07:29.066886,0 days 00:04:41.154367,0.7483663861762013,6.0,0.7869254358741303,0.03334875530266993,11.0,137.0,0.022630092996142572,0.010944851153312049,33,0.008226074946221037,0.0020319809838424984,,COMPLETE
9,0.7422569486526628,2025-07-11 17:07:29.070764,2025-07-11 17:10:14.222471,0 days 00:02:45.151707,0.8281323365878769,5.0,0.7683805487625824,0.06627584419768909,11.0,239.0,0.46279021928817266,0.026213411167791627,117,0.018707420137660268,0.002755546207779663,,COMPLETE
10,0.7437610061174772,2025-07-11 17:10:14.223685,2025-07-11 17:15:42.583363,0 days 00:05:28.359678,0.9475855408330071,5.0,0.7533024174075329,0.03643784684990826,11.0,323.0,0.03338454004271193,0.019039584728444026,33,0.009227922837250737,3.179783403328934,,COMPLETE
11,0.7439425345722844,2025-07-11 17:15:42.587335,2025-07-11 17:21:12.883419,0 days 00:05:30.296084,0.947657354713602,5.0,0.7172391015513201,0.03602793895410511,11.0,278.0,0.012624866190206795,0.00978350273525241,32,0.011757552374734076,0.15421955645498917,,COMPLETE
12,0.7436405471850042,2025-07-11 17:21:12.884647,2025-07-11 17:25:43.737540,0 days 00:04:30.852893,0.9602821246635617,4.0,0.717997773668036,0.037293312585217,11.0,244.0,0.04964112085647385,0.005218940699918508,66,0.011816454205464804,0.0057701411120441035,,COMPLETE
13,0.7439099233618006,2025-07-11 17:25:43.741919,2025-07-11 17:31:05.972408,0 days 00:05:22.230489,0.9724154790737082,5.0,0.7139706733013086,0.034354918226254395,11.0,124.0,0.0016782898166505336,0.002609013209796485,42,0.005467068230147016,2.4062122414927107,,COMPLETE
14,0.7435801255504613,2025-07-11 17:31:05.973595,2025-07-11 17:36:06.740133,0 days 00:05:00.766538,0.8999322243445949,3.0,0.8237920528955783,0.030216974812194666,-1.0,279.0,0.003977408298774366,0.032221281929573464,52,0.027397899712642625,0.13665511274726605,,COMPLETE
15,0.7434712647296209,2025-07-11 17:36:06.746880,2025-07-11 17:39:05.422154,0 days 00:02:58.675274,0.9591175237950108,6.0,0.7110204868256268,0.03854543741650604,7.0,161.0,0.010794603399403259,0.0040667418910963465,100,0.010839447620385313,9.741822326731512,,COMPLETE
16,0.7434880755902769,2025-07-11 17:39:05.423292,2025-07-11 17:42:09.247559,0 days 00:03:03.824267,0.8963733702214116,4.0,0.7914813483036598,0.03817662605261024,11.0,223.0,0.0017336177547273288,0.00011063601258901408,51,0.0011608466393644133,0.12481073114175616,,COMPLETE
17,0.7436647499477882,2025-07-11 17:42:09.252463,2025-07-11 18:02:09.903607,0 days 00:20:00.651144,0.9570703460108113,5.0,0.8183408361741371,0.03239446422353479,-1.0,184.0,0.0034764899785544247,0.0011818529683374163,34,0.3198328414541699,0.09378684193002657,,COMPLETE
18,0.7434829170884557,2025-07-11 18:02:09.904768,2025-07-11 18:39:18.315871,0 days 00:37:08.411103,0.9607035195247638,5.0,0.7876171336237214,0.03839563856412411,9.0,397.0,0.013229063709915934,0.024515481486583224,38,0.019807413715108177,0.011677191909522185,,COMPLETE
19,0.7430062826166696,2025-07-11 18:39:18.323224,2025-07-11 18:41:55.084087,0 days 00:02:36.760863,0.862050557368876,6.0,0.8145285285774179,0.04648165515806952,11.0,237.0,0.0033201252458181286,0.031590350092469806,67,0.008762870340274348,0.09300852174551678,,COMPLETE
20,0.743636730658826,2025-07-11 18:41:55.085271,2025-07-11 18:45:38.335570,0 days 00:03:43.250299,0.8761683591968626,6.0,0.7376776146516987,0.03094370944863486,11.0,221.0,0.0018996300811428336,0.00227842510557728,56,0.1072063016958802,0.10582539203808314,,COMPLETE
21,0.7435594847253103,2025-07-11 18:45:38.342596,2025-07-11 18:48:51.314894,0 days 00:03:12.972298,0.9902010266638113,4.0,0.7171648025534185,0.041237483277484104,11.0,54.0,0.013060877949178996,0.0044115084514447876,49,0.00391102052826804,1.6215913189761797,,COMPLETE
22,0.7434281290589911,2025-07-11 18:48:51.316071,2025-07-11 18:52:08.473885,0 days 00:03:17.157814,0.9995103718365322,6.0,0.787653952449896,0.046802769301188304,9.0,221.0,0.013190023101683135,0.003669807958773862,37,0.011391479324992215,0.5308459937560907,,COMPLETE
23,0.7438677833075312,2025-07-11 18:52:08.479841,2025-07-11 18:56:43.179922,0 days 00:04:34.700081,0.9546653042000113,6.0,0.7076545767943266,0.030934906053831195,11.0,199.0,0.0026718734912577944,0.00020690519940202984,44,0.001321254629445399,6.286669610537895,,COMPLETE
24,0.7437237222080394,2025-07-11 18:56:43.181127,2025-07-11 19:01:01.044441,0 days 00:04:17.863314,0.9033307032488934,6.0,0.7434795908112631,0.030136433749358166,11.0,167.0,0.00500483896735935,0.00037045332170131806,57,0.002814854306525743,3.117124906878705,,COMPLETE
25,0.7437620291508557,2025-07-11 19:01:01.050675,2025-07-11 19:04:24.181281,0 days 00:03:23.130606,0.8853313335305175,5.0,0.7133758220249514,0.03837847843631063,-1.0,287.0,0.0010938850920007364,0.03150327363781593,31,0.006529306671157769,0.04939766576373503,,COMPLETE
26,0.7437725945734132,2025-07-11 19:04:24.182419,2025-07-11 19:08:22.223877,0 days 00:03:58.041458,0.8647113890567263,5.0,0.7124462388381765,0.03267320705706807,7.0,51.0,0.002074699512651969,0.01130235333412008,42,0.004775297650104123,0.6813000323303354,,COMPLETE
27,0.7435311361076873,2025-07-11 19:08:22.232574,2025-07-11 19:11:23.968731,0 days 00:03:01.736157,0.9723685558274319,6.0,0.738851490881172,0.0388475720093043,9.0,151.0,0.0010974289561618952,0.0006131577443162523,57,0.0015214148396826886,0.07830972291852298,,COMPLETE
28,0.7438689627306099,2025-07-11 19:11:23.969950,2025-07-11 19:15:32.511844,0 days 00:04:08.541894,0.9503599200311837,5.0,0.7045428339385152,0.03042216256179532,11.0,310.0,0.004393933230052392,0.00010243687014712141,46,0.0012587698672409011,0.791876198183502,,COMPLETE
29,0.7437590829793362,2025-07-11 19:15:32.520137,2025-07-11 19:19:06.616998,0 days 00:03:34.096861,0.8458307231261197,3.0,0.7108331170826712,0.03622123348750787,11.0,375.0,0.002919931047273008,0.0004198692563174415,55,0.002180567280582785,0.8747589697202497,,COMPLETE
30,0.7435878851145622,2025-07-11 19:19:06.618201,2025-07-11 19:23:25.942132,0 days 00:04:19.323931,0.9140280946535981,6.0,0.7335284103047035,0.03387896265218946,7.0,347.0,0.0018735704882715059,0.00015945066865191105,50,0.016943605027208507,0.07238056500091519,,COMPLETE
31,0.7436707128298643,2025-07-11 19:23:25.949136,2025-07-11 19:28:26.339258,0 days 00:05:00.390122,0.9948871059621736,5.0,0.7218727938961712,0.030488614974064212,7.0,184.0,0.005922387992085532,0.0001234327014863024,50,0.0012208886846531552,2.736663578564854,,COMPLETE
32,0.7440314182142626,2025-07-11 19:28:26.340515,2025-07-11 19:33:23.223710,0 days 00:04:56.883195,0.9470869402844486,5.0,0.7298283033328132,0.030831770041123033,11.0,302.0,0.010205081533821313,0.00010132291563076525,33,0.028101219722255082,0.10015376269849098,,COMPLETE
33,0.7438099091834814,2025-07-11 19:33:23.231354,2025-07-11 19:37:26.943168,0 days 00:04:03.711814,0.9790999962513025,6.0,0.7299929073322341,0.03350588856862851,-1.0,360.0,0.0053172672091349234,0.000333682320153711,32,0.00679153051208401,0.8480094399742405,,COMPLETE
34,0.7434563361619002,2025-07-11 19:37:26.944349,2025-07-11 19:41:04.252020,0 days 00:03:37.307671,0.9554586724371847,6.0,0.8271911848959947,0.03425575723261902,11.0,324.0,0.018788274108682092,0.0003426832232009025,41,0.013452869053515962,0.3629695097828791,,COMPLETE
35,0.74358365823426,2025-07-11 19:41:04.261130,2025-07-11 19:44:59.840449,0 days 00:03:55.579319,0.9847827707865043,3.0,0.7965144655570099,0.03291340323764895,9.0,290.0,0.006141004271357981,0.00025949116866887855,34,0.019900282680301258,0.016374395013415245,,COMPLETE
36,0.7434813931559462,2025-07-11 19:44:59.841631,2025-07-11 19:47:07.326837,0 days 00:02:07.485206,0.9457728492167423,6.0,0.7007492591498001,0.059978674031883034,7.0,278.0,0.03637539136350418,0.03429097209289281,39,0.03742376320224187,0.05843202213830737,,COMPLETE
37,0.7438675966368941,2025-07-11 19:47:07.334995,2025-07-11 19:51:21.161852,0 days 00:04:13.826857,0.9779087805132466,5.0,0.7366972153247527,0.030811044389381217,11.0,342.0,0.002049257501475482,0.002909058409757815,32,0.009618889153463088,0.006918913959586264,,COMPLETE
38,0.7438080630968308,2025-07-11 19:51:21.163042,2025-07-11 19:55:25.086157,0 days 00:04:03.923115,0.9726961246300203,4.0,0.7325380446117931,0.034074761817876775,11.0,360.0,0.006306413524097986,0.0002672332155199113,32,0.18613364404703384,0.464750035590377,,COMPLETE
39,0.7438152870894905,2025-07-11 19:55:25.094183,2025-07-11 19:59:21.677216,0 days 00:03:56.583033,0.9523414799712366,5.0,0.7256642324615764,0.03905412357077003,-1.0,123.0,0.003490065874716413,0.001887504977482217,39,0.008475157056283704,9.80989855502875,,COMPLETE
40,0.743813757145689,2025-07-11 19:59:21.678623,2025-07-11 20:03:27.340121,0 days 00:04:05.661498,0.9177545712130692,3.0,0.7185837039609971,0.0317045226870523,7.0,332.0,0.004075116269947456,0.00010427728880131864,34,0.002381995179584115,0.1361204279278625,,COMPLETE
41,0.7438107355994851,2025-07-11 20:03:27.351508,2025-07-11 20:07:28.620752,0 days 00:04:01.269244,0.9504201628423815,5.0,0.7220159169083653,0.03261407111563214,11.0,337.0,0.003316098960286713,0.0001856660530215577,51,0.0018882358128989535,1.4080529391611365,,COMPLETE
42,0.7435835773410179,2025-07-11 20:07:28.621972,2025-07-11 20:11:01.319019,0 days 00:03:32.697047,0.9115024400240741,5.0,0.7493608675806271,0.04268802020197135,11.0,360.0,0.009678459875057308,0.00023325911937705486,31,0.01652015210743278,0.02214812280355582,,COMPLETE
43,0.743869166054051,2025-07-11 20:11:01.327853,2025-07-11 20:15:24.162542,0 days 00:04:22.834689,0.9933296526503199,4.0,0.7261783852700413,0.03054849400928016,11.0,249.0,0.013546263132955936,0.00018460287308637597,32,0.0016594185981424023,0.15183422546371267,,COMPLETE
44,0.7438395485608803,2025-07-11 20:15:24.163723,2025-07-11 20:19:38.059942,0 days 00:04:13.896219,0.9181130104338551,5.0,0.720349729307388,0.030637093734356535,11.0,336.0,0.012982196960108753,0.0001527210364504683,48,0.015464830233956908,0.04570235077038126,,COMPLETE
45,0.7435328430124727,2025-07-11 20:19:38.070338,2025-07-11 20:24:22.770741,0 days 00:04:44.700403,0.9361563992268782,2.0,0.8066599547506802,0.03299280299703609,11.0,250.0,0.10935483794506108,0.00021054112285821846,33,0.002958026836475619,0.2080989265244686,,COMPLETE
46,0.7436243281675298,2025-07-11 20:24:22.771904,2025-07-11 20:29:11.203363,0 days 00:04:48.431459,0.9979836697482573,3.0,0.7913525514198214,0.03221470081638675,-1.0,235.0,0.007051251379995059,0.00018551641292156477,41,0.0025407996766182448,0.04094807645968811,,COMPLETE
47,0.7439699102834437,2025-07-11 20:29:11.212584,2025-07-11 20:34:16.481694,0 days 00:05:05.269110,0.9293168841911629,5.0,0.7017031938055306,0.03154933357242832,11.0,199.0,0.045085160130026454,0.00017151772641669887,37,0.02882507256577047,0.19889797216688007,,COMPLETE
48,0.7438135363248847,2025-07-11 20:34:16.482919,2025-07-11 20:39:10.288290,0 days 00:04:53.805371,0.9164466556067298,5.0,0.7356714851123958,0.03335893796432249,11.0,170.0,0.03663304928762509,0.0005286988332500845,35,0.005994683202907131,0.06415203283303948,,COMPLETE
49,0.7439586130206063,2025-07-11 20:39:10.297743,2025-07-11 20:43:32.200986,0 days 00:04:21.903243,0.8965462421067615,4.0,0.7032343607352161,0.031220237146306756,9.0,158.0,0.049971712903263195,0.0002403712362880589,50,0.012602071655958152,0.33309504323269723,,COMPLETE
50,0.7435205932732224,2025-07-11 20:43:32.202192,2025-07-11 20:47:16.302373,0 days 00:03:44.100181,0.7533994947666885,4.0,0.7017715650002376,0.03414699812053594,9.0,77.0,0.21020304880197463,0.0002913012322861601,85,0.03522229898046194,0.8386363134362487,,COMPLETE
51,0.7436677237648904,2025-07-11 20:47:16.312246,2025-07-11 20:51:06.848958,0 days 00:03:50.536712,0.869561567143181,4.0,0.7046917504572526,0.03885165909715216,11.0,123.0,0.5072145087024708,0.00012245750724816757,58,0.14925420372670897,0.5056375935367559,,COMPLETE
52,0.7436977714575947,2025-07-11 20:51:06.850104,2025-07-11 20:56:24.731398,0 days 00:05:17.881294,0.9089636211037996,4.0,0.7584500130438105,0.03186568307033922,9.0,170.0,0.9988263370289867,0.00019722544597231884,40,0.007260320164316954,0.7900431788920605,,COMPLETE
53,0.7438214719661916,2025-07-11 20:56:24.741643,2025-07-11 21:01:42.822669,0 days 00:05:18.081026,0.9876597872205444,3.0,0.731379018216967,0.034393452980064285,11.0,169.0,0.0034123708698672395,0.0002384928370319385,33,0.0065699106252419155,0.07927022171226782,,COMPLETE
54,0.7440900402623766,2025-07-11 21:01:42.823818,2025-07-11 21:06:35.517903,0 days 00:04:52.694085,0.8726641196429739,4.0,0.7147294380684248,0.031135566210686968,9.0,176.0,0.025370116319622885,0.00029467747092227104,31,0.023626435335471124,0.15607168445583283,,COMPLETE
55,0.7437113110974299,2025-07-11 21:06:35.528202,2025-07-11 21:10:36.363959,0 days 00:04:00.835757,0.8544237533589101,3.0,0.7336851041993152,0.03563712245134747,9.0,186.0,0.0374514161628303,0.00031734898376450753,53,0.014174105929416399,0.3652117790361387,,COMPLETE
56,0.7437518914670628,2025-07-11 21:10:36.365112,2025-07-11 21:14:37.727539,0 days 00:04:01.362427,0.9015679113344273,4.0,0.748820359137344,0.03466073321358016,9.0,86.0,0.1233508549104226,0.0014663668938637725,40,0.1379653807327169,0.0101120572818839,,COMPLETE
57,0.7436642658585595,2025-07-11 21:14:37.738171,2025-07-11 21:19:05.274804,0 days 00:04:27.536633,0.885640062456983,6.0,0.7474285776211896,0.036095789739595624,9.0,240.0,0.03143695049047879,0.00025522412927234404,34,0.09143676131903607,2.764632615607497,,COMPLETE
58,0.7437837377685833,2025-07-11 21:19:05.276016,2025-07-11 21:24:32.043691,0 days 00:05:26.767675,0.9973492291651804,5.0,0.7216286340360722,0.03804237662144841,11.0,319.0,0.0826385267962585,0.02150737864988653,34,0.049963061582097464,0.11016687655845811,,COMPLETE
59,0.7435576673285175,2025-07-11 21:24:32.056456,2025-07-11 21:29:27.933053,0 days 00:04:55.876597,0.9658121119877441,3.0,0.7732829581091221,0.03745623373459953,7.0,223.0,0.013335571208223478,0.012384720009345944,33,0.08233409371723417,0.1554161977209129,,COMPLETE
60,0.7438279170981339,2025-07-11 21:29:27.934215,2025-07-11 21:33:47.092812,0 days 00:04:19.158597,0.9457873338183302,6.0,0.7332076344881389,0.03785159102416219,11.0,138.0,0.0011041548591813903,0.008183166096656229,34,0.015862038981029662,3.93655206824244,,COMPLETE
61,0.7438143723535253,2025-07-11 21:33:47.104061,2025-07-11 21:37:00.676969,0 days 00:03:13.572908,0.876586296338364,5.0,0.7014517526196318,0.03716016492653912,9.0,210.0,0.034472026219761275,0.00044484922636639355,38,0.004390781495539741,0.22433042889648497,,COMPLETE
62,0.743985171019038,2025-07-11 21:37:00.678132,2025-07-11 21:42:06.007573,0 days 00:05:05.329441,0.8680549154275589,4.0,0.7124070436514973,0.030777753217029614,7.0,74.0,0.0359829729320068,0.00017076985021343785,37,0.18003822242962164,0.47495007759457136,,COMPLETE
63,0.7433825039870586,2025-07-11 21:42:06.019061,2025-07-11 21:45:58.478006,0 days 00:03:52.458945,0.8269610256563081,5.0,0.780379240430595,0.03313036580286914,7.0,91.0,0.009563466705224944,0.00035821941329860406,49,0.46211197154232636,0.8282297310110204,,COMPLETE
64,0.7438157095986634,2025-07-11 21:45:58.479209,2025-07-11 21:51:02.709189,0 days 00:05:04.229980,0.8250380244144686,4.0,0.7324946288928218,0.03183658283254325,-1.0,93.0,0.09199365652991397,0.000913308466518319,31,0.23491613245368745,0.19298265590412433,,COMPLETE
65,0.7436817811795399,2025-07-11 21:51:02.721076,2025-07-11 21:54:34.896648,0 days 00:03:32.175572,0.8778234675760259,4.0,0.7226888797350863,0.03874152405197154,7.0,89.0,0.10849241661416455,0.00027974754587704154,34,0.16013221606627745,0.1184794945329536,,COMPLETE
66,0.7437761694172026,2025-07-11 21:54:34.897858,2025-07-11 21:58:59.698498,0 days 00:04:24.800640,0.9159776897442377,6.0,0.7089019977569317,0.03441626844798881,9.0,93.0,0.0042311982127125536,0.00019576721987584462,39,0.18600694093436548,0.19307008595305825,,COMPLETE
67,0.7440854168823693,2025-07-11 21:58:59.710800,2025-07-11 22:04:04.367333,0 days 00:05:04.656533,0.8913667876215132,4.0,0.7188557431653618,0.03079904178956024,7.0,131.0,0.026070522727070413,0.0002559214963857187,34,9.317190550639369,0.9374536981566244,,COMPLETE
68,0.7439781090761647,2025-07-11 22:04:04.368501,2025-07-11 22:08:17.162697,0 days 00:04:12.794196,0.843025637863421,5.0,0.7145661813512122,0.03431990659079018,7.0,163.0,0.09361657557237148,0.00023038105571921,31,5.097259434414028,7.303650358607576,,COMPLETE
69,0.7437458534641834,2025-07-11 22:08:17.175115,2025-07-11 22:13:05.793828,0 days 00:04:48.618713,0.8624994628303368,4.0,0.7876478715048867,0.03228686738679044,7.0,241.0,0.3252826448242243,0.00016977976914432324,32,2.5153606830113664,0.5275393304571583,,COMPLETE
70,0.7437311077427952,2025-07-11 22:13:05.795037,2025-07-11 22:16:47.769187,0 days 00:03:41.974150,0.7131355088060136,5.0,0.71767606188601,0.04047223767832263,7.0,196.0,0.13264015878813934,0.0013427674995901845,41,6.569615952583707,4.019993717780745,,COMPLETE
71,0.7439107761789449,2025-07-11 22:16:47.781843,2025-07-11 22:21:14.177015,0 days 00:04:26.395172,0.9229761153990581,6.0,0.7064376821765682,0.030144236749162494,-1.0,136.0,0.04551278344865635,0.00010764210155231026,56,0.03798926137537719,0.5521979496372293,,COMPLETE
72,0.7435958206696757,2025-07-11 22:21:14.178207,2025-07-11 22:25:40.190022,0 days 00:04:26.011815,0.933920719603849,5.0,0.787692147891657,0.03282614434983366,7.0,124.0,0.12964485388955435,0.0014714634489274886,57,9.027570767153472,7.63848006605377,,COMPLETE
73,0.7435994927431301,2025-07-11 22:25:40.204768,2025-07-11 22:29:21.027544,0 days 00:03:40.822776,0.7955199712876588,5.0,0.7572719455917596,0.035746383603660746,7.0,97.0,1.54441548387071,0.00024685972512627043,34,0.4761350991278603,7.274621544589234,,COMPLETE
74,0.7438932171884497,2025-07-11 22:29:21.028718,2025-07-11 22:33:19.951597,0 days 00:03:58.922879,0.7860955039626147,4.0,0.7378187062220394,0.03610061662376463,11.0,222.0,0.02642552258112508,0.00020508359014927738,43,5.723981744572659,4.977185145315766,,COMPLETE
75,0.7437995513177187,2025-07-11 22:33:19.965381,2025-07-11 22:38:09.803375,0 days 00:04:49.837994,0.9595122484464702,5.0,0.7047728031139565,0.03337228811546537,11.0,234.0,0.018523923252558284,0.000424593764854161,56,0.12943720146189502,0.157297268761231,,COMPLETE
76,0.7439414512381042,2025-07-11 22:38:09.804525,2025-07-11 22:43:02.195492,0 days 00:04:52.390967,0.865715680308991,4.0,0.7538883611644657,0.030238888207641427,7.0,185.0,0.011877210364395228,0.0002434242018891755,31,7.821039471044846,1.9927189954081723,,COMPLETE
77,0.7437655154714307,2025-07-11 22:43:02.209228,2025-07-11 22:47:13.151656,0 days 00:04:10.942428,0.8510736996163262,4.0,0.7282212164115168,0.0376375020466742,11.0,100.0,0.018952715856571007,0.0007868902082656013,55,8.574923614341571,0.4142087791482083,,COMPLETE
78,0.7439461197979796,2025-07-11 22:47:13.152829,2025-07-11 22:51:58.000281,0 days 00:04:44.847452,0.9236657414172508,4.0,0.7003008518907007,0.03359989104058656,7.0,123.0,0.04354787154720873,0.00020280754406479205,45,6.960674306425942,0.3246294856770331,,COMPLETE
79,0.7432960106430316,2025-07-11 22:51:58.014231,2025-07-11 22:55:38.660477,0 days 00:03:40.646246,0.9463889993184177,3.0,0.7739885905690377,0.04006544858606841,7.0,97.0,0.03349729103395204,0.00015709598967187077,61,4.283428868147935,0.7953865028934978,,COMPLETE
80,0.743858776176049,2025-07-11 22:55:38.661612,2025-07-11 22:59:47.218703,0 days 00:04:08.557091,0.8135057968775243,6.0,0.7269140831512303,0.03401201287798565,7.0,132.0,0.10167449112978685,0.0002730131036337517,38,5.888307439002589,4.6840183283798,,COMPLETE
81,0.7438505326568011,2025-07-11 22:59:47.232944,2025-07-11 23:03:35.842604,0 days 00:03:48.609660,0.9038875362925649,4.0,0.7107924867605625,0.04098983338407673,7.0,137.0,0.12560458822499096,0.000852157090166118,38,9.646659344907357,0.5699316759037015,,COMPLETE
82,0.7437468549157625,2025-07-11 23:03:35.843798,2025-07-11 23:08:32.846423,0 days 00:04:57.002625,0.9081270613465505,4.0,0.7410160281960054,0.03027613916177693,7.0,207.0,0.06021765743036368,0.00024357456667872888,56,8.355386291319043,0.057996313234981604,,COMPLETE
83,0.7438842201075525,2025-07-11 23:08:32.860895,2025-07-11 23:12:52.835142,0 days 00:04:19.974247,0.8597111272032965,4.0,0.7126174610611637,0.03342054138610664,7.0,66.0,0.012794885125279236,0.00012473801908685435,33,0.21620234302260632,0.45601112130477306,,COMPLETE
84,0.7436465064559353,2025-07-11 23:12:52.836341,2025-07-11 23:17:37.316393,0 days 00:04:44.480052,0.9455481490985989,3.0,0.7428008452067966,0.031168611669589997,9.0,119.0,0.01569951564797992,0.00010676682458455786,65,0.16097858048299515,0.6887780677540303,,COMPLETE
85,0.743991468706703,2025-07-11 23:17:37.331128,2025-07-11 23:22:57.507110,0 days 00:05:20.175982,0.9478826747816397,3.0,0.7039752153477834,0.03393781650425971,9.0,140.0,0.04659320965564104,0.0002407682112487353,33,4.5386703190668625,0.6904386160536251,,COMPLETE
86,0.7439491520633529,2025-07-11 23:22:57.508356,2025-07-11 23:28:39.227541,0 days 00:05:41.719185,0.973463296240844,3.0,0.7051868292960917,0.033325093542686195,9.0,172.0,0.022076512151121185,0.0010470576708971494,32,2.412183197609907,6.187725246570488,,COMPLETE
87,0.7439080164229191,2025-07-11 23:28:39.242670,2025-07-11 23:32:02.246636,0 days 00:03:23.003966,0.9104011916463648,3.0,0.7033130317869394,0.03461584790278919,9.0,145.0,0.2840067466386231,0.0007456032621164497,44,0.39904061145076336,1.353464696950362,,COMPLETE
88,0.743782679138997,2025-07-11 23:32:02.247799,2025-07-11 23:36:48.764228,0 days 00:04:46.516429,0.9870822907470601,3.0,0.7730876035757341,0.030910594531467557,9.0,243.0,0.019334594699487947,0.0032142267691680306,33,6.643886849060773,3.2541512347007835,,COMPLETE
89,0.7439273487004284,2025-07-11 23:36:48.782718,2025-07-11 23:41:25.702695,0 days 00:04:36.919977,0.966118734053412,3.0,0.7065595393992223,0.03156512815627468,9.0,151.0,0.03914749841913238,0.0006038141448284025,46,0.740769269724529,4.895376940728219,,COMPLETE
90,0.7441143556056297,2025-07-11 23:41:25.703937,2025-07-11 23:45:52.695387,0 days 00:04:26.991450,0.9375391035200799,3.0,0.7124081311227315,0.03255977898062325,9.0,131.0,0.001761915298621776,0.00032173707107397814,35,6.679174407210396,0.13480067601425696,,COMPLETE
91,0.743908026655192,2025-07-11 23:45:52.711110,2025-07-11 23:51:40.332569,0 days 00:05:47.621459,0.8238175673950218,2.0,0.7537051909796023,0.030619161774539837,9.0,150.0,0.0015915128228162646,0.0005458434236044611,34,2.2040051109471124,0.05716484692744075,,COMPLETE
92,0.7435525256080918,2025-07-11 23:51:40.333716,2025-07-11 23:55:49.653403,0 days 00:04:09.319687,0.9973126968859876,1.0,0.743799408893139,0.038796836249282554,9.0,100.0,0.001433878953009614,0.0003926314909796828,37,0.17057427861443866,0.02848372243566361,,COMPLETE
93,0.7438904640939827,2025-07-11 23:55:49.669401,2025-07-11 23:59:28.269610,0 days 00:03:38.600209,0.8533129154358303,1.0,0.7289570923940643,0.0325059830467342,11.0,181.0,0.11230907066525064,0.00018524301404201774,35,1.4341880379581757,0.07321463305745476,,COMPLETE
94,0.7437392410995051,2025-07-11 23:59:28.270841,2025-07-12 00:04:10.348422,0 days 00:04:42.077581,0.9916898793667663,2.0,0.7048646985358944,0.03520195280711026,9.0,255.0,0.005183170415993427,0.0009443670044482366,58,1.9610600919680592,0.10619162154063659,,COMPLETE
95,0.7439084893959936,2025-07-12 00:04:10.364678,2025-07-12 00:09:10.948875,0 days 00:05:00.584197,0.9875025084761985,3.0,0.7187543496712032,0.03898807116822,9.0,159.0,0.09112699962435478,0.0003926017042364362,31,3.7645831450076237,0.45309004292532595,,COMPLETE
96,0.7436862631432376,2025-07-12 00:09:10.950067,2025-07-12 00:13:45.214907,0 days 00:04:34.264840,0.862387245282089,4.0,0.7166611987295284,0.030046881089091818,7.0,161.0,0.4066789326412467,0.00013956985711782594,93,0.011357353677775203,0.21838930658749003,,COMPLETE
97,0.7437647424436115,2025-07-12 00:13:45.231115,2025-07-12 00:19:45.323320,0 days 00:06:00.092205,0.979036249423922,4.0,0.7872496734927901,0.031087705106764008,9.0,52.0,0.0030875985960562447,0.0004898258971075248,36,7.318837202905834,0.37973064134203516,,COMPLETE
98,0.7438036292615983,2025-07-12 00:19:45.324514,2025-07-12 00:24:44.622518,0 days 00:04:59.298004,0.9858090150294465,3.0,0.7179718293526324,0.031892486697625365,11.0,226.0,0.00444727504198967,0.0006613665703982569,51,4.096397719800401,4.79876066912361,,COMPLETE
99,0.7439529398331445,2025-07-12 00:24:44.639142,2025-07-12 00:29:51.409537,0 days 00:05:06.770395,0.994982278971505,3.0,0.7130057011736356,0.03548837200740424,-1.0,187.0,0.001028792727596698,0.00010975908856655678,41,7.858779418486987,0.16185012884911057,,COMPLETE
100,0.7439670369103188,2025-07-12 00:29:51.410670,2025-07-12 00:35:22.248321,0 days 00:05:30.837651,0.9777722609844364,6.0,0.7241373309009019,0.03127801678526141,11.0,156.0,0.12284876009666411,0.00011253292689909296,32,0.026653212640160906,0.06549969111209336,,COMPLETE
101,,2025-07-12 00:48:50.825921,2025-07-12 00:48:50.846685,0 days 00:00:00.020764,,,,0.0318223240464043,,,,,42,,,,FAIL
102,0.7435865978696065,2025-07-12 00:49:26.137808,2025-07-12 00:54:25.889646,0 days 00:04:59.751838,0.9919815025212075,6.0,0.7985101751357018,0.030610361111725454,11.0,174.0,1.6274384394259032,0.00026559634948277296,43,0.08298925625474195,0.16324609806201087,,COMPLETE
103,0.7438302473919766,2025-07-12 00:54:25.906914,2025-07-12 01:02:53.327228,0 days 00:08:27.420314,0.9873813719506759,2.0,0.7462640703799478,0.023312753614375188,-1.0,240.0,0.059004828960672585,0.00013700363880196355,31,1.2574896883455722,0.8000410429363606,,COMPLETE
104,0.743028570389899,2025-07-12 01:02:53.328459,2025-07-12 01:09:10.508479,0 days 00:06:17.180020,0.9883946281331668,3.0,0.7056268352261472,0.02464860062244279,-1.0,102.0,0.05147292773178359,0.00011271831397492733,342,2.100031456370565,0.04262226253805512,,COMPLETE
105,0.7441173154668258,2025-07-12 01:09:10.525929,2025-07-12 01:15:32.730148,0 days 00:06:22.204219,0.9451775652990078,1.0,0.7374705810103468,0.025658251103088746,9.0,116.0,0.049284497862493004,0.00019288974661812162,31,5.990069308571716,0.12939940201626496,,COMPLETE
106,0.7432077808634098,2025-07-12 01:15:32.731382,2025-07-12 01:20:47.625645,0 days 00:05:14.894263,0.8788221806540712,4.0,0.7464544112705922,0.02429937330435243,9.0,154.0,0.05238556959157321,0.0002568003792385712,970,0.008975421426904922,0.016779987644707024,,COMPLETE
107,0.74391538374555,2025-07-12 01:20:47.643399,2025-07-12 01:27:16.448960,0 days 00:06:28.805561,0.9077890680881322,2.0,0.7436927390131424,0.024991121196385878,9.0,141.0,0.04260484174930344,0.00010139115124803035,32,2.233140875515064,0.9264880177094595,,COMPLETE
108,0.7435707683189445,2025-07-12 01:27:16.450175,2025-07-12 01:32:33.076252,0 days 00:05:16.626077,0.9499560922711803,6.0,0.7194021827371632,0.02485546130150581,7.0,89.0,0.06012121789434401,0.000556691108487192,133,0.014453173121333783,0.14179969482718627,,COMPLETE
109,0.7440415502246315,2025-07-12 01:32:33.094378,2025-07-12 01:39:22.177896,0 days 00:06:49.083518,0.9334614400643991,1.0,0.7364301599714348,0.025854910114712394,9.0,73.0,0.06205730081237562,0.0005294733260419738,31,2.102933939827057,0.1404349388503913,,COMPLETE
110,0.7428272115604249,2025-07-12 01:39:22.179055,2025-07-12 01:44:07.004466,0 days 00:04:44.825411,0.9150675587120517,1.0,0.7682907228093754,0.024862543879267344,9.0,67.0,0.1034862153323367,0.0003238579663551048,603,4.893737498500953,0.511870106776223,,COMPLETE
111,0.7439064263992177,2025-07-12 01:44:07.023129,2025-07-12 01:50:32.011711,0 days 00:06:24.988582,0.9082340679276177,2.0,0.7715166197294535,0.026688816691972258,9.0,197.0,0.0475397486214382,0.0002035981946367423,31,7.1590869924814475,0.041728185370757835,,COMPLETE
112,0.7437960289795941,2025-07-12 01:50:32.012941,2025-07-12 01:56:09.117853,0 days 00:05:37.104912,0.9966724171292966,1.0,0.7678760939990653,0.025589385305497293,7.0,65.0,0.04602322652893988,0.001086830212867446,31,6.34438509251132,0.04620975367068115,,COMPLETE
113,0.7437342561404213,2025-07-12 01:56:09.137850,2025-07-12 02:01:33.282737,0 days 00:05:24.144887,0.9509903394671513,1.0,0.8326353196358509,0.026198208701644483,11.0,98.0,0.046042981765287795,0.00017545244996039377,31,3.3005431430888352,0.18983512334960756,,COMPLETE
114,0.7438768286355475,2025-07-12 02:01:33.283857,2025-07-12 02:08:35.993136,0 days 00:07:02.709279,0.9011740256228418,1.0,0.8215465501694607,0.02093301961893943,-1.0,76.0,0.2053256557143807,0.0015777978140319568,32,3.8266356981975824,0.017145850188801,,COMPLETE
115,0.7441591437726559,2025-07-12 02:08:36.011932,2025-07-12 02:15:51.359077,0 days 00:07:15.347145,0.9512124779898209,2.0,0.7165658853599896,0.02609362058058689,9.0,104.0,0.03724371137696678,0.0003837074728131815,31,5.347547739804093,0.1257449395602647,,COMPLETE
116,0.744107363908013,2025-07-12 02:15:51.360299,2025-07-12 02:22:10.689829,0 days 00:06:19.329530,0.9462270574196562,4.0,0.719326625974969,0.026089049198914038,9.0,128.0,0.02944215935719213,0.00010137127658166777,31,3.703178395528442,0.13306329878826056,,COMPLETE
117,0.744191996602478,2025-07-12 02:22:10.709324,2025-07-12 02:28:32.674458,0 days 00:06:21.965134,0.9641241526846474,1.0,0.7211177436941425,0.024983303721818007,9.0,132.0,0.02331564252717663,0.00029646956627961434,32,5.632620501344465,0.059422107874801657,,COMPLETE
118,0.7443889633939836,2025-07-12 02:28:32.675641,2025-07-12 02:36:25.307405,0 days 00:07:52.631764,0.9384706427379866,1.0,0.7096140073552839,0.02095365038427274,9.0,152.0,0.019121183089851366,0.0003608506360612681,31,8.332083466011168,0.003458445404644721,,COMPLETE
119,0.7441276392242123,2025-07-12 02:36:25.327387,2025-07-12 02:45:34.285691,0 days 00:09:08.958304,0.9597964117739816,2.0,0.7232950186391487,0.02018891318143534,9.0,64.0,0.022048112304758307,0.0009077805912570957,31,1.2647416194765215,0.084463614519122,,COMPLETE
120,0.7441011365543829,2025-07-12 02:45:34.286930,2025-07-12 02:54:02.700345,0 days 00:08:28.413415,0.9246617752410901,4.0,0.7402188824994964,0.020022206892331734,9.0,131.0,0.014499108695037935,0.00017157810338890475,31,2.7010159747708498,0.04810727043370174,,COMPLETE
121,0.7438717070500681,2025-07-12 02:54:02.720071,2025-07-12 03:03:12.486523,0 days 00:09:09.766452,0.9910175511924415,2.0,0.7791079199452202,0.021337857061455433,9.0,117.0,0.013077049978702246,0.00047328233170308725,31,7.453774070992025,0.0028265096877538903,,COMPLETE
122,0.7436568363661129,2025-07-12 03:03:12.487654,2025-07-12 03:10:11.854183,0 days 00:06:59.366529,0.9328186767941707,5.0,0.8186972676058633,0.020165321884446013,9.0,119.0,0.01812691357876386,0.00011584067762723392,31,3.049613422687398,0.008937396260670388,,COMPLETE
123,0.7441652299066206,2025-07-12 03:10:11.874003,2025-07-12 03:18:33.437825,0 days 00:08:21.563822,0.9667632205405516,1.0,0.72637933847571,0.02035877109370393,9.0,73.0,0.01897857723997921,0.0005842486018492597,31,5.055108996949232,0.017554252184760907,,COMPLETE
124,0.744122414982154,2025-07-12 03:18:33.438970,2025-07-12 03:26:37.030725,0 days 00:08:03.591755,0.9171030142226999,1.0,0.7021881771764197,0.020461327974133903,9.0,54.0,0.013389579985409704,0.0003868650725241997,32,1.7495978647340005,0.0014719218355815822,,COMPLETE
125,0.7440561028048696,2025-07-12 03:26:37.051066,2025-07-12 03:33:31.988080,0 days 00:06:54.937014,0.9900868664195799,1.0,0.7240142752306731,0.0210036867053405,9.0,89.0,0.014697524724698072,0.0003005685464588842,31,7.839769641717442,0.07770794238340317,,COMPLETE
126,0.7441976970239432,2025-07-12 03:33:31.989268,2025-07-12 03:40:26.418637,0 days 00:06:54.429369,0.9257568206887379,1.0,0.7186735143603541,0.0200736229753272,9.0,62.0,0.012413677541920968,0.0006164287318319524,31,0.8770269006864122,0.0029218561783949473,,COMPLETE
127,0.7432989688697349,2025-07-12 03:40:26.440192,2025-07-12 03:45:40.595231,0 days 00:05:14.155039,0.9360780884135195,1.0,0.7115626259973681,0.02024252595187472,9.0,97.0,0.011478010090882639,0.003424240368113625,231,0.11541478626799635,0.002026449650581888,,COMPLETE
128,0.7440866732922302,2025-07-12 03:45:40.596477,2025-07-12 03:53:46.119519,0 days 00:08:05.523042,0.9110946758110878,1.0,0.7664757392465329,0.02003897128031973,11.0,58.0,0.014406320928423996,0.0006627236285247424,31,2.8405618535770683,0.0029694521222837266,,COMPLETE
129,0.7442702747960795,2025-07-12 03:53:46.140396,2025-07-12 04:02:02.780620,0 days 00:08:16.640224,0.9098410685467891,1.0,0.7158305146177996,0.020456823879248007,9.0,67.0,0.010164400158298332,0.001538543953408922,31,4.947114164259339,0.003192795406563527,,COMPLETE
130,0.7441270950550228,2025-07-12 04:02:02.781760,2025-07-12 04:08:59.835882,0 days 00:06:57.054122,0.8840864046305585,1.0,0.7158662525251569,0.020289322473597795,7.0,112.0,0.012551999110605769,0.00011404658267484789,31,2.5031005014334142,0.015231933845139144,,COMPLETE
131,0.7441645712903524,2025-07-12 04:08:59.857324,2025-07-12 04:14:21.153075,0 days 00:05:21.295751,0.8723407126502531,1.0,0.7087479677260081,0.020164805952571932,7.0,152.0,0.009154048501483693,0.00018793750193981014,31,0.08580870624228099,0.021757661344689143,,COMPLETE
132,0.7440747464979455,2025-07-12 04:14:21.154416,2025-07-12 04:21:42.944947,0 days 00:07:21.790531,0.8798152647329879,1.0,0.7305653279341656,0.020546698182773437,7.0,175.0,0.007290366570066589,0.00014807255972344705,31,0.6339390210733766,0.01620163318711129,,COMPLETE
133,0.7440542716813354,2025-07-12 04:21:42.967279,2025-07-12 04:28:55.596965,0 days 00:07:12.629686,0.8751709738964023,1.0,0.7446779775887307,0.020101190722490128,9.0,122.0,0.009246950833760783,0.0012163496546847689,31,1.8043095008987953,0.004823341424497542,,COMPLETE
134,0.7443336237157544,2025-07-12 04:28:55.598175,2025-07-12 04:37:20.603598,0 days 00:08:25.005423,0.8559337955086315,2.0,0.7077235442941281,0.020531816356446658,-1.0,112.0,0.01052382223759483,0.00010359615587463232,31,3.8423094437396346,0.001262235961316027,,COMPLETE
135,0.7442331616268468,2025-07-12 04:37:20.626608,2025-07-12 04:45:27.899068,0 days 00:08:07.272460,0.9236149906112056,1.0,0.7259076653139819,0.02026342326860661,9.0,52.0,0.008685214816354312,0.0028858484504737055,31,6.880582048112401,0.00928270289307583,,COMPLETE
136,0.7438879106448031,2025-07-12 04:45:27.900283,2025-07-12 04:52:29.031828,0 days 00:07:01.131545,0.88019545942779,1.0,0.8065303930106966,0.020021728644159565,9.0,99.0,0.006653855885786718,0.00010143227590012377,31,0.13728844292789902,0.003413116503929092,,COMPLETE
137,0.7442326879592995,2025-07-12 04:52:29.053896,2025-07-12 05:00:51.698571,0 days 00:08:22.644675,0.8900655669106685,2.0,0.7128774773075057,0.020201891053586565,9.0,55.0,0.007796305832620681,0.012723904774472062,31,4.520821665074166,0.007129517093200288,,COMPLETE
138,0.7443397599175996,2025-07-12 05:00:51.699729,2025-07-12 05:09:43.528918,0 days 00:08:51.829189,0.9103862382518736,2.0,0.7031634284744328,0.02010780110873099,9.0,65.0,0.010237334488229758,0.0003353779481332873,31,9.347927136378528,0.0022558342468706628,,COMPLETE
139,0.7440888751572418,2025-07-12 05:09:43.553072,2025-07-12 05:16:17.706438,0 days 00:06:34.153366,0.8976867120996309,3.0,0.7202534478415198,0.02029624405976706,9.0,74.0,0.007352896983323357,0.022136251091091477,54,6.157318469439215,0.007665717310132889,,COMPLETE
140,0.7441528799374018,2025-07-12 05:16:17.707637,2025-07-12 05:22:43.634232,0 days 00:06:25.926595,0.8796266329107617,3.0,0.7159120255838558,0.020265310935218033,9.0,86.0,0.008558873551544117,0.0005670291495345813,31,2.518456293476257,0.0017861474542542005,,COMPLETE
141,0.744219010510928,2025-07-12 05:22:43.656888,2025-07-12 05:31:44.395528,0 days 00:09:00.738640,0.8496277555470411,2.0,0.7351791930257358,0.02036378712266118,-1.0,127.0,0.007016722465265522,0.00010594368016079834,31,7.947401367672565,0.002571944970149444,,COMPLETE
142,0.7442661910953268,2025-07-12 05:31:44.396696,2025-07-12 05:40:18.358880,0 days 00:08:33.962184,0.8238928641718014,2.0,0.7310755148613273,0.02023149823114674,-1.0,98.0,0.0066809734035444095,0.00011038107368268955,31,4.903308229295169,0.0011775163685743405,,COMPLETE
143,0.7440588731533585,2025-07-12 05:40:18.381973,2025-07-12 05:48:22.340012,0 days 00:08:03.958039,0.8358276234326082,2.0,0.7712254791974018,0.022309274028837558,-1.0,78.0,0.0066458307755912355,0.0002330055328724334,31,5.321471712477406,0.00417587388930062,,COMPLETE
144,0.7440390752093781,2025-07-12 05:48:22.341228,2025-07-12 05:54:41.991018,0 days 00:06:19.649790,0.8433998674310864,4.0,0.7175459050605445,0.02008407861969208,-1.0,64.0,0.005689923270484665,0.0001369821502450705,54,0.3067329323410649,0.00304456734232971,,COMPLETE
145,0.7441724952736916,2025-07-12 05:54:42.014390,2025-07-12 06:02:12.759824,0 days 00:07:30.745434,0.8266526973741527,3.0,0.7140090803531701,0.020006583994572707,9.0,120.0,7.016616660981577,0.0001508710019282249,31,1.983679474075724,0.0015174416813436777,,COMPLETE
146,0.7441162269541225,2025-07-12 06:02:12.760995,2025-07-12 06:08:40.406750,0 days 00:06:27.645755,0.7660591159124606,1.0,0.7590677627702614,0.022624866418891252,-1.0,256.0,9.758358967417196,0.00010838704188283344,31,5.253850145448023,0.002251071625015693,,COMPLETE
147,0.7441603528965386,2025-07-12 06:08:40.430639,2025-07-12 06:15:40.566409,0 days 00:07:00.135770,0.7748743842711957,2.0,0.7078049023822489,0.020019587439550006,9.0,108.0,0.006082457492619794,0.00024679225005973975,54,1.1528412753510682,0.003288568331856888,,COMPLETE
148,0.7440127792166956,2025-07-12 06:15:40.567667,2025-07-12 06:21:29.514256,0 days 00:05:48.946589,0.7264538364640236,2.0,0.7426072828114358,0.023021791138484526,9.0,90.0,4.432675248977506,0.00027945877820778636,61,3.854083127996687,0.005377265810332681,,COMPLETE
149,0.7442073993423136,2025-07-12 06:21:29.538817,2025-07-12 06:27:53.036931,0 days 00:06:23.498114,0.886845174780678,2.0,0.7127340197266001,0.02003932659764889,-1.0,88.0,6.185733521876305,0.00010245687753187386,56,0.1956438575316694,0.004447061698876199,,COMPLETE
150,0.7438053428077162,2025-07-12 06:27:53.038124,2025-07-12 06:34:59.885503,0 days 00:07:06.847379,0.7991533456565857,4.0,0.783970928985742,0.02025817288101724,7.0,140.0,8.937657685804224,0.00015829547638374346,63,8.780328359330747,0.0013677959582158407,,COMPLETE
151,0.7439303467858233,2025-07-12 06:34:59.911774,2025-07-12 06:41:47.541612,0 days 00:06:47.629838,0.794026479419204,3.0,0.7358764359313018,0.02015342054163094,9.0,183.0,3.4381659275791234,0.0002764775627418044,86,0.43937059253612687,0.0015984358068215022,,COMPLETE
152,0.7440241442771472,2025-07-12 06:41:47.542872,2025-07-12 06:47:25.955304,0 days 00:05:38.412432,0.8602218412356395,1.0,0.7054485062572151,0.02310458089059864,7.0,70.0,8.857573818576858,0.00019570519704973025,56,0.013733952056966349,0.07893340674301977,,COMPLETE
153,0.7440649835161381,2025-07-12 06:47:25.979716,2025-07-12 06:53:19.471912,0 days 00:05:53.492196,0.8300746580520888,1.0,0.7506716011635916,0.022700758266615755,-1.0,105.0,4.052809952267615,0.00020929120614765227,58,0.048389011792406726,0.0016551576797755995,,COMPLETE
154,0.7440598143473226,2025-07-12 06:53:19.473084,2025-07-12 06:59:56.344852,0 days 00:06:36.871768,0.8605252292520406,3.0,0.7402023371013429,0.02007640996345259,-1.0,213.0,0.005402700986048653,0.0005424649161573524,57,7.223061308960276,0.003692936058584345,,COMPLETE
155,0.7440806342644178,2025-07-12 06:59:56.369628,2025-07-12 07:04:54.912497,0 days 00:04:58.542869,0.8362847634625663,1.0,0.7068923938484374,0.02296864133979989,9.0,84.0,0.005995290863749805,0.017767573587954687,52,1.170158788434681,0.0013940543916467875,,COMPLETE
156,0.7442662738156246,2025-07-12 07:04:54.913773,2025-07-12 07:12:34.214937,0 days 00:07:39.301164,0.8944408322941121,2.0,0.7103099942732775,0.020032475075373295,9.0,50.0,0.006291131066948289,0.00215212880829444,51,9.951432805532214,0.004055974985508169,,COMPLETE
157,0.7441067628364985,2025-07-12 07:12:34.239859,2025-07-12 07:19:08.837654,0 days 00:06:34.597795,0.8709445998323321,3.0,0.7088056428011944,0.0201319136654222,-1.0,197.0,0.006145485449862961,0.00010747705323604021,56,0.9609356954626102,0.0010165503717632315,,COMPLETE
158,0.7440718815224582,2025-07-12 07:19:08.838820,2025-07-12 07:26:39.879865,0 days 00:07:31.041045,0.9287880809641904,2.0,0.701353693103499,0.02032431225910672,7.0,89.0,0.0053594920795357924,0.0004753836505244876,52,0.04324946759921132,0.0015745036995525256,,COMPLETE
159,0.7440668441623384,2025-07-12 07:26:39.905017,2025-07-12 07:32:50.504520,0 days 00:06:10.599503,0.8904442465549062,1.0,0.7629180149959429,0.0200516768803351,9.0,87.0,0.005990571282749998,0.0052130846498056466,55,5.780230260500026,0.017673229053592684,,COMPLETE
160,0.7442364861486862,2025-07-12 07:32:50.505768,2025-07-12 07:38:49.016594,0 days 00:05:58.510826,0.9466312679829431,1.0,0.7031114278014123,0.02282934782408941,-1.0,64.0,0.005986795923502138,0.00012390136385754372,52,2.818695733618866,0.001575869083448968,,COMPLETE
161,0.7436553667211574,2025-07-12 07:38:49.043454,2025-07-12 07:45:32.169872,0 days 00:06:43.126418,0.959741376077476,2.0,0.7810594475145249,0.023219586311413097,7.0,172.0,8.506077776472026,0.00039744062075715547,51,0.027639813609383855,0.07181825041534917,,COMPLETE
162,0.7441091436922515,2025-07-12 07:45:32.171026,2025-07-12 07:52:32.259341,0 days 00:07:00.088315,0.9312496392611123,1.0,0.7017328961879865,0.020027347481365015,-1.0,50.0,0.005171360558891277,0.0002287337658974195,54,1.7783959383403265,0.002317084572446573,,COMPLETE
163,0.7437948882240967,2025-07-12 07:52:32.287036,2025-07-12 07:58:11.453760,0 days 00:05:39.166724,0.9153732174742544,2.0,0.7328274933489768,0.02276610369329927,-1.0,90.0,0.006526378055652315,0.017246966801285634,90,0.6422250196902412,0.03332317336761707,,COMPLETE
164,0.7440823890999599,2025-07-12 07:58:11.454916,2025-07-12 08:04:20.073085,0 days 00:06:08.618169,0.8074244484393198,3.0,0.7298768426669178,0.022932352459289658,-1.0,95.0,0.00587276362683006,0.00016887486547610952,55,5.249316608460653,0.0029260734707761563,,COMPLETE
165,0.7442007819672223,2025-07-12 08:04:20.101111,2025-07-12 08:10:17.610973,0 days 00:05:57.509862,0.8810127910967016,1.0,0.7153314280402111,0.020058223843468045,9.0,215.0,0.007383442764855878,0.0002405638517659656,52,5.404174813470001,0.001703859656379437,,COMPLETE
166,0.7439834942081474,2025-07-12 08:10:17.612129,2025-07-12 08:17:51.524098,0 days 00:07:33.911969,0.9318450512843103,2.0,0.7205297759399226,0.022930711794799753,7.0,158.0,0.009227881528930934,0.0028659404416856177,51,7.025887324108857,0.0026542273439606324,,COMPLETE
167,0.7442389273904251,2025-07-12 08:17:51.613400,2025-07-12 08:24:20.006705,0 days 00:06:28.393305,0.9061115521462703,1.0,0.7175856545861075,0.02015379809445621,9.0,219.0,0.010005499731901069,0.00043734742041033484,47,0.839937620937137,0.0030914188295254833,,COMPLETE
168,0.7439503913371165,2025-07-12 08:24:20.007874,2025-07-12 08:29:43.936337,0 days 00:05:23.928463,0.8448119459711013,1.0,0.7158875478927585,0.023228713387570127,9.0,174.0,0.01025665786364311,0.00010493082469953871,78,2.271880664750025,0.0037429740135118865,,COMPLETE
169,0.743892834452594,2025-07-12 08:29:43.962817,2025-07-12 08:37:07.623771,0 days 00:07:23.660954,0.9275915297013314,2.0,0.7608610818725104,0.02000285917426294,9.0,307.0,0.003851458276675225,0.0006766387304422544,49,2.5201951444131656,0.001438836025850236,,COMPLETE
170,0.74414292281757,2025-07-12 08:37:07.624965,2025-07-12 08:42:45.426254,0 days 00:05:37.801289,0.8091169110867421,3.0,0.7371386387425949,0.02330769168542655,11.0,72.0,2.8263027253908857,0.005695931814517345,48,4.065423020126619,0.0017659991372562381,,COMPLETE
171,0.7441706069895234,2025-07-12 08:42:45.453223,2025-07-12 08:49:11.078693,0 days 00:06:25.625470,0.929329295632804,1.0,0.7064341304588676,0.020050543180276843,9.0,249.0,0.009183887835207417,0.0004004654138870764,50,1.42680437370433,0.0020702033679771987,,COMPLETE
172,0.7441498102756685,2025-07-12 08:49:11.079924,2025-07-12 08:55:54.513711,0 days 00:06:43.433787,0.8961149356968575,1.0,0.7235294893368723,0.020293280007725126,9.0,260.0,0.011539259898209467,0.000298189254638933,51,0.24823132815796373,0.0033659868171945716,,COMPLETE
